mission,mega,scenario,mcc_group,seed_source,needs_review
Готовлю дома → Ужин после работы,Готовлю дома,Ужин после работы,Продуктовые магазины,mega_homogeneous,false
Готовлю дома → Завтрак выходного дня,Готовлю дома,Завтрак выходного дня,Продуктовые магазины,mega_homogeneous,false
Дом и быт → Пополнение запасов,Дом и быт,Пополнение запасов,Товары для дома,heuristic,false
Гости и праздник → Гости через час,Гости и праздник,Гости через час,Продуктовые магазины,mega_homogeneous,false
Готовлю дома → Завтрак буднего дня,Готовлю дома,Завтрак буднего дня,Продуктовые магазины,mega_homogeneous,false
Дети → После школы,Дети,После школы,Продуктовые магазины,heuristic,true
Гости и праздник → Вечеринка дома,Гости и праздник,Вечеринка дома,Продуктовые магазины,mega_homogeneous,false
Пикник и отдых → Автопутешествие,Пикник и отдых,Автопутешествие,Продуктовые магазины,heuristic,false
Готовая еда → Готовая еда,Готовая еда,Готовая еда,Продуктовые магазины,mega_homogeneous,false
Дача → Выходные на даче,Дача,Выходные на даче,Продуктовые магазины,heuristic,true
Гости и праздник → Смотрим матч,Гости и праздник,Смотрим матч,Продуктовые магазины,mega_homogeneous,false
Готовлю дома → Ужин для семьи,Готовлю дома,Ужин для семьи,Продуктовые магазины,mega_homogeneous,false
Готовлю дома → Перекус дома,Готовлю дома,Перекус дома,Продуктовые магазины,mega_homogeneous,false
Дача → Шашлыки,Дача,Шашлыки,Продуктовые магазины,heuristic,true
Готовлю дома → Быстрый ужин из полуфабрикатов,Готовлю дома,Быстрый ужин из полуфабрикатов,Продуктовые магазины,mega_homogeneous,false
Гости и праздник → Семейный ужин,Гости и праздник,Семейный ужин,Продуктовые магазины,mega_homogeneous,false
Гости и праздник → Хэллоуин дома,Гости и праздник,Хэллоуин дома,Продуктовые магазины,mega_homogeneous,false
Дети → Каникулы дома,Дети,Каникулы дома,Игрушки,heuristic,true
Гости и праздник → Просмотр фильма,Гости и праздник,Просмотр фильма,Продуктовые магазины,mega_homogeneous,false
Готовлю дома → Праздничная выпечка,Готовлю дома,Праздничная выпечка,Продуктовые магазины,mega_homogeneous,false
Авто → Автопутешествие с семьёй,Авто,Автопутешествие с семьёй,Автотовары,mega_homogeneous,false
Гости и праздник → Детский праздник,Гости и праздник,Детский праздник,Продуктовые магазины,mega_homogeneous,false
Готовлю дома → Ужин на двоих,Готовлю дома,Ужин на двоих,Продуктовые магазины,mega_homogeneous,false
Дети → День рождения ребенка,Дети,День рождения ребенка,Игрушки,manual_override,false
Готовлю дома → Выпечка с детьми,Готовлю дома,Выпечка с детьми,Продуктовые магазины,mega_homogeneous,false
Эмоции → Утешение сладким,Эмоции,Утешение сладким,Продуктовые магазины,heuristic,true
Здоровье → Восстановление после болезни,Здоровье,Восстановление после болезни,Аптеки,mega_homogeneous,false
Пикник и отдых → Поездка на природу,Пикник и отдых,Поездка на природу,Продуктовые магазины,heuristic,false
Эмоции → Кино дома,Эмоции,Кино дома,Продуктовые магазины,heuristic,true
Дача → Летний завтрак на веранде,Дача,Летний завтрак на веранде,Продуктовые магазины,heuristic,true
Готовлю дома → Пасхальный завтрак,Готовлю дома,Пасхальный завтрак,Продуктовые магазины,mega_homogeneous,false
Готовлю дома → Готовка на несколько дней,Готовлю дома,Готовка на несколько дней,Продуктовые магазины,mega_homogeneous,false
Дача → Первая поездка весной,Дача,Первая поездка весной,Продуктовые магазины,heuristic,true
Гости и праздник → Новый год,Гости и праздник,Новый год,Продуктовые магазины,mega_homogeneous,false
Работа и учеба → Ночная смена / дедлайн,Работа и учеба,Ночная смена / дедлайн,Продуктовые магазины,heuristic,true
Гостиная → Домашний кинотеатр,Гостиная,Домашний кинотеатр,Бытовая техника и электроника,manual_override,false
Пикник и отдых → Отдых на пляже,Пикник и отдых,Отдых на пляже,Продуктовые магазины,heuristic,false
Готовлю дома → Заморозка заготовок,Готовлю дома,Заморозка заготовок,Продуктовые магазины,mega_homogeneous,false
Гости и праздник → 23 февраля,Гости и праздник,23 февраля,Продуктовые магазины,mega_homogeneous,false
Дети → Полдник ребёнка,Дети,Полдник ребёнка,Продуктовые магазины,heuristic,true
Эмоции → Побаловать себя,Эмоции,Побаловать себя,Косметика,manual_override,false
Гости и праздник → Утро 1 января,Гости и праздник,Утро 1 января,Продуктовые магазины,mega_homogeneous,false
Гости и праздник → Масленица,Гости и праздник,Масленица,Продуктовые магазины,mega_homogeneous,false
Работа и учеба → Перекус на работе,Работа и учеба,Перекус на работе,Продуктовые магазины,heuristic,true
Гости и праздник → День рождения взрослого,Гости и праздник,День рождения взрослого,Продуктовые магазины,mega_homogeneous,false
Дача → Подготовка дачи к сезону,Дача,Подготовка дачи к сезону,Товары для дома,heuristic,true
Работа и учеба → Командировка,Работа и учеба,Командировка,Продуктовые магазины,heuristic,true
Пикник и отдых → Рыбалка,Пикник и отдых,Рыбалка,Продуктовые магазины,heuristic,false
Гости и праздник → Пасха,Гости и праздник,Пасха,Продуктовые магазины,mega_homogeneous,false
Гости и праздник → Настольные игры,Гости и праздник,Настольные игры,Продуктовые магазины,mega_homogeneous,false
Гости и праздник → Пасхальный стол,Гости и праздник,Пасхальный стол,Продуктовые магазины,mega_homogeneous,false
Гости и праздник → Оливье и новогодний стол,Гости и праздник,Оливье и новогодний стол,Продуктовые магазины,mega_homogeneous,false
Готовлю дома → Смузи и здоровые напитки,Готовлю дома,Смузи и здоровые напитки,Продуктовые магазины,mega_homogeneous,false
Пикник и отдых → Тренировка / фитнес,Пикник и отдых,Тренировка / фитнес,Спортивные товары,manual_override,false
Малыши → Кормление малыша,Малыши,Кормление малыша,Продуктовые магазины,manual_override,false
Готовлю дома → Кофейный ритуал,Готовлю дома,Кофейный ритуал,Продуктовые магазины,mega_homogeneous,false
Эмоции → Вечер с книгой,Эмоции,Вечер с книгой,Книжные магазины,manual_override,false
Малыши → Прогулка с малышом,Малыши,Прогулка с малышом,Одежда детская,heuristic,true
Работа и учеба → Экзамены,Работа и учеба,Экзамены,Канцтовары,heuristic,true
Дача → Закрытие сезона,Дача,Закрытие сезона,Товары для дома,heuristic,true
Работа и учеба → Работа из дома,Работа и учеба,Работа из дома,Канцтовары,heuristic,true
Эмоции → Романтический вечер,Эмоции,Романтический вечер,Продуктовые магазины,heuristic,true
Эмоции → Первое свидание дома,Эмоции,Первое свидание дома,Продуктовые магазины,heuristic,true
Дом и быт → Генеральная уборка,Дом и быт,Генеральная уборка,Товары для дома,heuristic,false
Дети → Игры дома,Дети,Игры дома,Игрушки,manual_override,false
Готовлю дома → Ужин из рыбы,Готовлю дома,Ужин из рыбы,Продуктовые магазины,mega_homogeneous,false
Дети → Ребенок заболел,Дети,Ребенок заболел,Аптеки,manual_override,false
Кухня → Пополнение расходников кухни,Кухня,Пополнение расходников кухни,Товары для дома,manual_override,false
Эмоции → Антистресс вечер,Эмоции,Антистресс вечер,Косметика,manual_override,false
Здоровье → Температура у ребенка,Здоровье,Температура у ребенка,Аптеки,mega_homogeneous,false
Дача → Работы в саду,Дача,Работы в саду,Товары для дома,heuristic,true
Здоровье → Простуда взрослого,Здоровье,Простуда взрослого,Аптеки,mega_homogeneous,false
Готовлю дома → Салат-стол,Готовлю дома,Салат-стол,Продуктовые магазины,mega_homogeneous,false
Подарки → Продуктовый подарок,Подарки,Продуктовый подарок,Продуктовые магазины,manual_override,false
Готовлю дома → Мясной ужин / стейк дома,Готовлю дома,Мясной ужин / стейк дома,Продуктовые магазины,mega_homogeneous,false
Кухня → Обустройство кухни с нуля,Кухня,Обустройство кухни с нуля,Бытовая техника и электроника,manual_override,false
Гости и праздник → 14 февраля,Гости и праздник,14 февраля,Продуктовые магазины,mega_homogeneous,false
Эмоции → Годовщина отношений,Эмоции,Годовщина отношений,Продуктовые магазины,heuristic,true
Гости и праздник → 8 марта,Гости и праздник,8 марта,Продуктовые магазины,mega_homogeneous,false
Дети → На кружок,Дети,На кружок,Одежда детская,heuristic,true
Гости и праздник → Новогодняя ночь,Гости и праздник,Новогодняя ночь,Продуктовые магазины,mega_homogeneous,false
Малыши → Сбор сумки мамы,Малыши,Сбор сумки мамы,Товары для дома,heuristic,true
Срочно нужно сейчас → Нужен подарок сегодня,Срочно нужно сейчас,Нужен подарок сегодня,Маркетплейсы,manual_override,false
Дети → Ночевка у друзей,Дети,Ночевка у друзей,Игрушки,heuristic,true
Малыши → Гигиена малыша,Малыши,Гигиена малыша,Аптеки,manual_override,false
Красота → Домашний SPA,Красота,Домашний SPA,Косметика,mega_homogeneous,false
Подарки → Подарок в последний момент,Подарки,Подарок в последний момент,Маркетплейсы,heuristic,true
Питомцы → Поездка с питомцем,Питомцы,Поездка с питомцем,Зоомагазины,mega_homogeneous,false
Питомцы → Гигиена питомца,Питомцы,Гигиена питомца,Зоомагазины,mega_homogeneous,false
Питомцы → Игрушки питомца,Питомцы,Игрушки питомца,Зоомагазины,mega_homogeneous,false
Питомцы → Закончился корм,Питомцы,Закончился корм,Зоомагазины,mega_homogeneous,false
Питомцы → Лечение питомца,Питомцы,Лечение питомца,Зоомагазины,mega_homogeneous,false
Готовлю дома → Домашняя выпечка,Готовлю дома,Домашняя выпечка,Продуктовые магазины,mega_homogeneous,false
Дом и быт → Уборка после гостей,Дом и быт,Уборка после гостей,Товары для дома,heuristic,false
Гостиная → Атмосфера в гостиной,Гостиная,Атмосфера в гостиной,Товары для дома,manual_override,false
Подарки → Подарок учителю,Подарки,Подарок учителю,Маркетплейсы,heuristic,true
Стирка → Стирка одежды,Стирка,Стирка одежды,Товары для дома,mega_homogeneous,false
Стирка → Удаление пятен / уход за одеждой,Стирка,Удаление пятен / уход за одеждой,Товары для дома,mega_homogeneous,false
Срочно нужно сейчас → Закончилась туалетная бумага,Срочно нужно сейчас,Закончилась туалетная бумага,Товары для дома,manual_override,false
Здоровье → Женская гигиена,Здоровье,Женская гигиена,Аптеки,mega_homogeneous,false
Красота → Перед работой,Красота,Перед работой,Косметика,mega_homogeneous,false
Питомцы → Новый котенок,Питомцы,Новый котенок,Зоомагазины,mega_homogeneous,false
Питомцы → Забота о кошке (запас на месяц),Питомцы,Забота о кошке (запас на месяц),Зоомагазины,mega_homogeneous,false
Дом и быт → Быстрая уборка,Дом и быт,Быстрая уборка,Товары для дома,heuristic,false
Красота → Перед отпуском,Красота,Перед отпуском,Косметика,mega_homogeneous,false
Красота → Перед свиданием,Красота,Перед свиданием,Косметика,mega_homogeneous,false
Дом и быт → После посудомойки,Дом и быт,После посудомойки,Товары для дома,heuristic,false
Подарки → Подарок мужчине,Подарки,Подарок мужчине,Маркетплейсы,heuristic,true
Гардероб → Гардероб женщины — низ и обувь,Гардероб,Гардероб женщины — низ и обувь,Одежда для взрослых,manual_override,false
Подарки → Подарок женщине,Подарки,Подарок женщине,Косметика,manual_override,false
Дом и быт → Уборка перед гостями,Дом и быт,Уборка перед гостями,Товары для дома,heuristic,false
Работа и учеба → Подготовка к школе / детскому саду,Работа и учеба,Подготовка к школе / детскому саду,Канцтовары,manual_override,false
Стирка → Регулярная стирка,Стирка,Регулярная стирка,Товары для дома,mega_homogeneous,false
Здоровье → Забота о своем здоровье,Здоровье,Забота о своем здоровье,Аптеки,mega_homogeneous,false
Подарки → Подарок коллеге,Подарки,Подарок коллеге,Маркетплейсы,heuristic,true
Дом и быт → Пополнение ванной комнаты,Дом и быт,Пополнение ванной комнаты,Товары для дома,heuristic,false
Подарки → Подарок ребенку,Подарки,Подарок ребенку,Игрушки,manual_override,false
Красота → Перед фотосессией,Красота,Перед фотосессией,Косметика,mega_homogeneous,false
Гардероб → Гардероб мужчины — низ и обувь,Гардероб,Гардероб мужчины — низ и обувь,Одежда для взрослых,manual_override,false
Красота → Ежедневный уход в душе,Красота,Ежедневный уход в душе,Косметика,mega_homogeneous,false
Ванная → Обустройство ванной с нуля,Ванная,Обустройство ванной с нуля,Товары для дома,manual_override,false
Здоровье → Пополнение аптечки,Здоровье,Пополнение аптечки,Аптеки,mega_homogeneous,false
Красота → Перед корпоративом,Красота,Перед корпоративом,Косметика,mega_homogeneous,false
Дом и быт → Мытье окон,Дом и быт,Мытье окон,Товары для дома,heuristic,false
Срочно нужно сейчас → Срочно нужна женская гигиена,Срочно нужно сейчас,Срочно нужна женская гигиена,Аптеки,manual_override,false
Ванная → Уход за собой в ванной,Ванная,Уход за собой в ванной,Косметика,manual_override,false
Гости и праздник → Крещенские купания,Гости и праздник,Крещенские купания,Продуктовые магазины,mega_homogeneous,false
Красота → Уход за волосами,Красота,Уход за волосами,Косметика,mega_homogeneous,false
Эмоции → Интимное настроение (18+),Эмоции,Интимное настроение (18+),Продуктовые магазины,heuristic,true
Гардероб → Гардероб мужчины — верх,Гардероб,Гардероб мужчины — верх,Одежда для взрослых,heuristic,true
Малыши → Расходники для малыша,Малыши,Расходники для малыша,Товары для дома,heuristic,true
Гардероб → Гардероб женщины — верх,Гардероб,Гардероб женщины — верх,Одежда для взрослых,heuristic,true
Срочно нужно сейчас → Срочно нужна зубная щетка,Срочно нужно сейчас,Срочно нужна зубная щетка,Аптеки,manual_override,false
Срочно нужно сейчас → Срочно нужны подгузники,Срочно нужно сейчас,Срочно нужны подгузники,Аптеки,manual_override,false
Подарки → Подарок родителям / бабушке,Подарки,Подарок родителям / бабушке,Маркетплейсы,heuristic,true
Питомцы → Новый щенок,Питомцы,Новый щенок,Зоомагазины,mega_homogeneous,false
Срочно нужно сейчас → Закончились батарейки,Срочно нужно сейчас,Закончились батарейки,Товары для дома,manual_override,false
Детская → Обустройство детской,Детская,Обустройство детской,Мебель,manual_override,false
Питомцы → Забота о собаке (запас на месяц),Питомцы,Забота о собаке (запас на месяц),Зоомагазины,mega_homogeneous,false
Гости и праздник → Украшение ёлки и дома к Новому году,Гости и праздник,Украшение ёлки и дома к Новому году,Продуктовые магазины,mega_homogeneous,false
Дети → Творчество дома,Дети,Творчество дома,Игрушки,heuristic,true
Гардероб → Гардероб женщины — базовые футболки и топы,Гардероб,Гардероб женщины — базовые футболки и топы,Одежда для взрослых,heuristic,true
Дети → Подготовка к школе,Дети,Подготовка к школе,Продуктовые магазины,heuristic,true
Дети → Подготовка к детскому саду,Дети,Подготовка к детскому саду,Игрушки,heuristic,true
Срочно нужно сейчас → Мелкий бытовой ремонт,Срочно нужно сейчас,Мелкий бытовой ремонт,Товары для дома,manual_override,false
"Гардероб → Гардероб женщины — низ, обувь, бельё",Гардероб,"Гардероб женщины — низ, обувь, бельё",Одежда для взрослых,manual_override,false
Работа и учеба → Канцелярия закончилась,Работа и учеба,Канцелярия закончилась,Канцтовары,manual_override,false
Спальня → Обустройство спальни,Спальня,Обустройство спальни,Мебель,manual_override,false
Красота → Маникюр дома,Красота,Маникюр дома,Косметика,mega_homogeneous,false
Гардероб → Гардероб мужчины — базовые футболки и сорочки,Гардероб,Гардероб мужчины — базовые футболки и сорочки,Одежда для взрослых,heuristic,true
"Гардероб → Гардероб женщины — платья, костюмы",Гардероб,"Гардероб женщины — платья, костюмы",Одежда для взрослых,heuristic,true
Спорт → Спорт — единоборства и бокс,Спорт,Спорт — единоборства и бокс,Спортивные товары,mega_homogeneous,false
Прихожая → Уход за верхней одеждой и обувью,Прихожая,Уход за верхней одеждой и обувью,Одежда для взрослых,manual_override,false
Спальня → Здоровый сон,Спальня,Здоровый сон,Товары для дома,manual_override,false
Готовлю дома → Смузи и здоровые завтраки — расширено,Готовлю дома,Смузи и здоровые завтраки — расширено,Продуктовые магазины,mega_homogeneous,false
Дом и быт → Ремонт дома / мелкий ремонт,Дом и быт,Ремонт дома / мелкий ремонт,Товары для дома,heuristic,false
Домашний офис → Обустройство рабочего места,Домашний офис,Обустройство рабочего места,Бытовая техника и электроника,manual_override,false
Спорт → Спорт — плавание,Спорт,Спорт — плавание,Спортивные товары,mega_homogeneous,false
Красота → Домашний SPA — расширенный,Красота,Домашний SPA — расширенный,Косметика,mega_homogeneous,false
Гардероб → Аксессуары и головные уборы,Гардероб,Аксессуары и головные уборы,Одежда для взрослых,heuristic,true
Спорт → Спорт — бег,Спорт,Спорт — бег,Спортивные товары,mega_homogeneous,false
Готовлю дома → Хлеб на утро,Готовлю дома,Хлеб на утро,Продуктовые магазины,mega_homogeneous,false
Гардероб → Головные уборы и шапки,Гардероб,Головные уборы и шапки,Одежда для взрослых,heuristic,true
Спорт → Спорт — горные лыжи и сноуборд,Спорт,Спорт — горные лыжи и сноуборд,Спортивные товары,mega_homogeneous,false
Прихожая → Порядок в прихожей,Прихожая,Порядок в прихожей,Товары для дома,manual_override,false
Авто → Автомойка своими руками,Авто,Автомойка своими руками,Автотовары,mega_homogeneous,false
Дача → Бассейн на даче,Дача,Бассейн на даче,Товары для дома,heuristic,true
Спорт → Спорт — футбол,Спорт,Спорт — футбол,Спортивные товары,mega_homogeneous,false
Авто → Уход за салоном авто,Авто,Уход за салоном авто,Автотовары,mega_homogeneous,false
Срочно нужно сейчас → Сломался кабель,Срочно нужно сейчас,Сломался кабель,Бытовая техника и электроника,manual_override,false
Срочно нужно сейчас → Сел телефон,Срочно нужно сейчас,Сел телефон,Товары для дома,heuristic,true
Срочно нужно сейчас → Перегорела лампочка,Срочно нужно сейчас,Перегорела лампочка,Товары для дома,heuristic,true
Дом и быт → Мебель для дома,Дом и быт,Мебель для дома,Товары для дома,heuristic,false
Срочно нужно сейчас → Нужен зонт,Срочно нужно сейчас,Нужен зонт,Товары для дома,heuristic,true
Дача → Работа в саду / огороде,Дача,Работа в саду / огороде,Товары для дома,heuristic,true
Авто → Замена летней/зимней резины,Авто,Замена летней/зимней резины,Автотовары,mega_homogeneous,false
Авто → Долив жидкостей и мелкое ТО,Авто,Долив жидкостей и мелкое ТО,Автотовары,mega_homogeneous,false
Работа и учеба → Книги — деловая литература,Работа и учеба,Книги — деловая литература,Книжные магазины,manual_override,false
Авто → Автоаварийный набор,Авто,Автоаварийный набор,Автотовары,mega_homogeneous,false
Спорт → Спорт — велопрогулка,Спорт,Спорт — велопрогулка,Спортивные товары,mega_homogeneous,false
Дача → Уборка снега / зимние работы,Дача,Уборка снега / зимние работы,Продуктовые магазины,heuristic,true
Дом и быт → Для комфорта и уюта,Дом и быт,Для комфорта и уюта,Товары для дома,heuristic,false
Готовлю дома → Заготовки на зиму,Готовлю дома,Заготовки на зиму,Продуктовые магазины,mega_homogeneous,false
Дача → Оформление сада,Дача,Оформление сада,Товары для дома,heuristic,true
